	id	name	popularity	duration_ms	explicit	artists	id_artists	release_date	danceability	energy	key	loudness	mode	speechiness	acousticness	instrumentalness	liveness	valence	tempo	time_signature
86316	4frlkLwlnm58ejpNwWjxyl	No More Dream	69	221593	0	['BTS']	['3Nrfpe0tUJi4K4DXYWgMUX']	2013-06-12	0.436	0.8690000000000001	2	-5.1739999999999995	1	0.47200000000000003	0.0124	1.6e-06	0.494	0.612	167.766	4
86334	1HQHuPpr2s2z3VIBTLtUmv	Like	69	231883	0	['BTS']	['3Nrfpe0tUJi4K4DXYWgMUX']	2013-06-12	0.5820000000000001	0.726	0	-4.1739999999999995	0	0.11599999999999999	0.271	0.0	0.22699999999999998	0.768	100.45	4
86408	2Kspa0jD2MSkaEdonf4Cnb	We Are Bulletproof Pt.2	67	225360	0	['BTS']	['3Nrfpe0tUJi4K4DXYWgMUX']	2013-06-12	0.754	0.9520000000000001	8	-5.11	0	0.153	0.00945	6.27e-06	0.18899999999999997	0.868	144.05100000000002	4
86756	5IYnriBBJz1iz1ki3bJnWo	Coffee	64	260433	0	['BTS']	['3Nrfpe0tUJi4K4DXYWgMUX']	2013-09-11	0.6559999999999999	0.7979999999999999	0	-6.608	1	0.10300000000000001	0.008620000000000001	0.0	0.321	0.5720000000000001	92.03	4
86916	1hehPTlSVIhHEvCkVoe4HX	N.O	62	209752	0	['BTS']	['3Nrfpe0tUJi4K4DXYWgMUX']	2013-09-11	0.594	0.914	11	-3.764	0	0.16699999999999998	0.0389	0.0	0.457	0.5710000000000001	146.885	4
87227	4ZSLc2F15wKVPjyLt169tt	Just One Day	71	239470	0	['BTS']	['3Nrfpe0tUJi4K4DXYWgMUX']	2014-02-12	0.504	0.7120000000000001	9	-4.705	1	0.379	0.175	0.0	0.377	0.307	189.577	4
87363	6njl4FfPUwVmoIR1RKLq05	Danger	68	245140	0	['BTS']	['3Nrfpe0tUJi4K4DXYWgMUX']	2014-08-20	0.738	0.868	1	-3.363	1	0.0703	0.000907	0.000215	0.275	0.37799999999999995	111.992	4
87390	0i0hqOQdyFFd4cR5s32w8x	Boy in Luv	68	230778	0	['BTS']	['3Nrfpe0tUJi4K4DXYWgMUX']	2014-05-14	0.491	0.9470000000000001	0	-2.252	1	0.306	0.00262	0.0	0.34	0.473	166.247	4
87638	22gGBmp8JqlymbXQvAUlYX	Jump	65	236489	0	['BTS']	['3Nrfpe0tUJi4K4DXYWgMUX']	2014-02-12	0.495	0.973	7	-0.9470000000000001	0	0.28300000000000003	0.0347	0.0	0.43200000000000005	0.763	102.05799999999999	4
87690	3D26URfsMlCNaa51mj9jOt	War of Hormone	65	265602	0	['BTS']	['3Nrfpe0tUJi4K4DXYWgMUX']	2014-08-20	0.612	0.993	9	-1.895	1	0.24	0.11599999999999999	0.0	0.307	0.48700000000000004	98.00399999999999	4
87858	44gWm1spxejf9cc589qV28	Boy in Luv	63	230778	0	['BTS']	['3Nrfpe0tUJi4K4DXYWgMUX']	2014-02-12	0.491	0.9470000000000001	0	-2.252	1	0.306	0.00262	0.0	0.34	0.473	166.247	4
88358	6kX452oUUNojKWNNuc1nqx	Butterfly	70	238862	0	['BTS']	['3Nrfpe0tUJi4K4DXYWgMUX']	2015-11-30	0.44799999999999995	0.7759999999999999	6	-4.498	1	0.0571	0.0149	0.0	0.12	0.294	149.806	4
88659	1pePqg6hTMeaTZNNECqT03	Boyz with Fun	67	244156	0	['BTS']	['3Nrfpe0tUJi4K4DXYWgMUX']	2015-04-29	0.7040000000000001	0.9590000000000001	1	-2.6069999999999998	0	0.192	0.0808	0.0	0.38299999999999995	0.7509999999999999	116.024	4
89092	5RGf8qn1TBWVplLyyKUsuV	Blood Sweat & Tears	75	217052	0	['BTS']	['3Nrfpe0tUJi4K4DXYWgMUX']	2016-10-10	0.583	0.885	0	-3.571	0	0.106	0.0244	0.0	0.35700000000000004	0.601	92.959	4
89191	4z9gBZQjGS4QLb4LOvmeuA	Burning Up (Fire)	73	203352	0	['BTS']	['3Nrfpe0tUJi4K4DXYWgMUX']	2016-05-02	0.627	0.706	10	-3.201	0	0.0597	0.00227	0.0	0.122	0.536	99.93	4
89224	54s6sdPuMjVtdB5d5KFzTC	Save Me	73	196506	0	['BTS']	['3Nrfpe0tUJi4K4DXYWgMUX']	2016-05-02	0.614	0.823	1	-3.48	1	0.062	0.0269	0.0	0.0783	0.539	139.94799999999998	4
89298	4TiKZrN7gtc62SUiufpFCM	Dope	71	240021	0	['BTS']	['3Nrfpe0tUJi4K4DXYWgMUX']	2016-05-02	0.579	0.8959999999999999	10	-2.781	0	0.22399999999999998	0.0272	1.02e-06	0.35200000000000004	0.6779999999999999	153.991	4
89312	7dlNGfd6Fq8xcFb4K6Glws	I Need U	71	210577	0	['BTS']	['3Nrfpe0tUJi4K4DXYWgMUX']	2016-05-02	0.475	0.897	5	-2.383	0	0.0736	0.0184	0.0	0.29600000000000004	0.642	78.918	4
89474	2cn8rNlgnQOJoqWqXRvWQu	Lie	69	215753	0	['BTS']	['3Nrfpe0tUJi4K4DXYWgMUX']	2016-10-10	0.542	0.777	6	-5.582000000000001	0	0.033	0.00331	0.0	0.17800000000000002	0.503	94.069	3
89534	3SESmwaRfVQddNhwCSKQur	Run	69	236334	0	['BTS']	['3Nrfpe0tUJi4K4DXYWgMUX']	2016-05-02	0.5770000000000001	0.875	6	-2.944	0	0.0445	0.00165	0.0	0.0892	0.522	132.94299999999998	4
89564	2VgPA0WnwvE2nbltxa3BHz	Silver Spoon	69	233185	0	['BTS']	['3Nrfpe0tUJi4K4DXYWgMUX']	2016-05-02	0.649	0.875	9	-2.88	1	0.0696	0.00128	0.0	0.0486	0.557	166.92700000000002	4
89596	626lrZfNIlthgrUfjvRYrh	Stigma	68	216063	0	['BTS']	['3Nrfpe0tUJi4K4DXYWgMUX']	2016-10-10	0.583	0.475	0	-5.556	0	0.0846	0.14800000000000002	0.0	0.139	0.332	136.034	4
89673	1QWxddJmOhQb1vDdyTipMR	BTS Cypher 4	68	294463	0	['BTS']	['3Nrfpe0tUJi4K4DXYWgMUX']	2016-10-10	0.8170000000000001	0.797	1	-4.395	0	0.084	0.00533	7.77e-06	0.0551	0.36200000000000004	119.977	4
89717	4BMbbfwW9GLl9b05ecYKVa	House of Cards (Full Length Edition)	68	226212	0	['BTS']	['3Nrfpe0tUJi4K4DXYWgMUX']	2016-05-02	0.36700000000000005	0.67	2	-4.485	0	0.0517	0.33399999999999996	0.0	0.147	0.386	104.96	4
89790	6RioKpKPuG1vuyU0wnlAZx	21st Century Girl	67	192597	0	['BTS']	['3Nrfpe0tUJi4K4DXYWgMUX']	2016-10-10	0.716	0.9059999999999999	2	-3.5389999999999997	1	0.0717	0.004229999999999999	0.0	0.0547	0.762	101.02799999999999	4
89809	6KQSeSPqBa15gMWLO1fdkk	Begin	67	229740	0	['BTS']	['3Nrfpe0tUJi4K4DXYWgMUX']	2016-10-10	0.5660000000000001	0.8440000000000001	9	-5.222	0	0.0444	0.00361	0.00025699999999999996	0.141	0.29100000000000004	131.049	4
89859	43hiD0QEeUysuWqDzd8GwA	Epilogue: Young Forever	67	171803	0	['BTS']	['3Nrfpe0tUJi4K4DXYWgMUX']	2016-05-02	0.606	0.815	5	-3.818	0	0.231	0.04	0.0	0.11900000000000001	0.386	88.06200000000001	4
90214	0WNGsQ1oAuHzNTk8jivBKW	Spring Day	76	274097	0	['BTS']	['3Nrfpe0tUJi4K4DXYWgMUX']	2017-02-13	0.539	0.846	8	-3.1919999999999997	1	0.0354	0.0063	1.68e-06	0.13	0.46	106.992	4
90232	0ffweDHrg4bZqdG4IfGYuo	Pied Piper	76	245621	0	['BTS']	['3Nrfpe0tUJi4K4DXYWgMUX']	2017-09-18	0.583	0.7120000000000001	2	-4.942	0	0.0326	0.2	0.0	0.268	0.7759999999999999	94.051	4
90481	5SE57ljOIUJ1ybL9U6CuBH	DNA	73	223123	0	['BTS']	['3Nrfpe0tUJi4K4DXYWgMUX']	2017-09-18	0.598	0.775	1	-4.035	0	0.0545	0.022000000000000002	0.0	0.0677	0.687	129.819	4
90602	4hrpoqJMVE7FxBu1YWx0eQ	Not Today	72	231860	0	['BTS']	['3Nrfpe0tUJi4K4DXYWgMUX']	2017-02-13	0.594	0.946	8	-3.408	1	0.126	0.0018100000000000002	1.04e-06	0.9229999999999999	0.665	110.024	4
91071	3p6hnejEQYXkiTO1lAzVc0	Euphoria	79	228615	0	['BTS']	['3Nrfpe0tUJi4K4DXYWgMUX']	2018-08-24	0.637	0.799	2	-4.519	1	0.0338	0.39399999999999996	0.0	0.0921	0.562	104.995	4
91168	2AIWoHr9DF6y4KALCBKWQS	IDOL	77	222732	0	['BTS']	['3Nrfpe0tUJi4K4DXYWgMUX']	2018-08-24	0.7340000000000001	0.855	9	-3.2110000000000003	1	0.11800000000000001	0.00481	0.0	0.12300000000000001	0.42200000000000004	126.035	4
91190	75scDPqGs75FotglJSoOI2	MIC Drop (Steve Aoki Remix) [Full Length Edition]	77	307676	0	['BTS', 'Steve Aoki']	['3Nrfpe0tUJi4K4DXYWgMUX', '77AiFEVeAVj2ORpC85QVJs']	2018-08-24	0.606	0.848	11	-3.952	1	0.184	0.0114	1.06e-06	0.20600000000000002	0.54	170.01	4
91329	3aW0ds4A4tSQDIp75FqWTo	FAKE LOVE	75	242334	0	['BTS']	['3Nrfpe0tUJi4K4DXYWgMUX']	2018-05-18	0.557	0.7190000000000001	2	-4.515	0	0.0372	0.00267	0.0	0.306	0.344	77.501	4
91385	5cQB9fbuQCz4muQUFkv3rR	Serendipity (Full Length Edition)	74	276708	0	['BTS']	['3Nrfpe0tUJi4K4DXYWgMUX']	2018-08-24	0.34700000000000003	0.578	8	-7.525	1	0.0626	0.445	0.0	0.231	0.226	86.73	5
91389	7L8hkKW4hnemNfuOfEZcle	Epiphany	74	240362	0	['BTS']	['3Nrfpe0tUJi4K4DXYWgMUX']	2018-08-24	0.509	0.5579999999999999	2	-6.369	0	0.0276	0.29	0.0	0.131	0.327	135.879	4
91405	6Z7m5DLNPOaPg9T6nXK0rQ	DNA	74	223123	0	['BTS']	['3Nrfpe0tUJi4K4DXYWgMUX']	2018-08-24	0.599	0.774	1	-4.013999999999999	0	0.0541	0.0223	0.0	0.0669	0.696	129.819	4
91561	5Sn2fm8aisVlR7S6u1KW57	FAKE LOVE	73	242334	0	['BTS']	['3Nrfpe0tUJi4K4DXYWgMUX']	2018-08-24	0.557	0.7190000000000001	2	-4.515	0	0.0372	0.00267	0.0	0.306	0.344	77.501	4
91649	4eVkn18rN4GguUWOsR6Use	Answer : Love Myself	72	251280	0	['BTS']	['3Nrfpe0tUJi4K4DXYWgMUX']	2018-08-24	0.569	0.7929999999999999	1	-3.7489999999999997	1	0.0405	0.18899999999999997	0.0	0.111	0.45	108.04799999999999	4
91669	1ZPpGPko8oULTmi34rozMh	Trivia 轉 : Seesaw	72	246334	0	['BTS']	['3Nrfpe0tUJi4K4DXYWgMUX']	2018-08-24	0.7070000000000001	0.7909999999999999	5	-4.481	0	0.035	0.18100000000000002	0.0	0.102	0.6779999999999999	106.985	4
91685	48XfojJC87VKLlUotYV0Gm	The Truth Untold	72	242293	0	['BTS', 'Steve Aoki']	['3Nrfpe0tUJi4K4DXYWgMUX', '77AiFEVeAVj2ORpC85QVJs']	2018-05-18	0.57	0.42200000000000004	1	-7.561	0	0.0422	0.37200000000000005	0.0	0.127	0.16899999999999998	113.007	4
91713	645YBsxhFPSOKxGep3uHLv	Love Maze	72	221529	0	['BTS']	['3Nrfpe0tUJi4K4DXYWgMUX']	2018-05-18	0.636	0.8759999999999999	9	-4.652	1	0.0617	0.0487	0.0	0.0728	0.759	149.93200000000002	4
91717	1ok4gxOv8cg5WLjWK6TQhD	Go Go	72	235780	0	['BTS']	['3Nrfpe0tUJi4K4DXYWgMUX']	2018-08-24	0.856	0.617	10	-5.308	0	0.0841	0.171	0.0	0.0857	0.759	136.082	4
91731	01gUlvzAPiwB9Ekq9kGVCM	Anpanman	72	232966	0	['BTS']	['3Nrfpe0tUJi4K4DXYWgMUX']	2018-08-24	0.813	0.875	1	-2.92	0	0.0918	0.0237	0.0	0.28800000000000003	0.7559999999999999	99.00399999999999	4
91755	1OqDvYVDhJyFZny7XlfIyZ	Let Go	72	299707	0	['BTS']	['3Nrfpe0tUJi4K4DXYWgMUX']	2018-04-04	0.5579999999999999	0.863	4	-3.53	1	0.17800000000000002	0.17	0.0	0.289	0.38799999999999996	173.908	4
91769	2tMBCYj22KxtmkAACIvvk4	Magic Shop	72	275696	0	['BTS']	['3Nrfpe0tUJi4K4DXYWgMUX']	2018-08-24	0.541	0.6609999999999999	1	-5.837999999999999	1	0.0889	0.10300000000000001	0.0	0.0779	0.285	149.92600000000002	4
91927	5KawlOMHjWeUjQtnuRs22c	Boy With Luv (feat. Halsey)	84	229773	0	['BTS', 'Halsey']	['3Nrfpe0tUJi4K4DXYWgMUX', '26VFTg2z8YR0cCuwLzESi2']	2019-04-12	0.645	0.862	11	-4.757	0	0.0965	0.0923	0.0	0.192	0.7979999999999999	119.991	4
92363	5hnbE5BF2e8BCk9OMR1UVC	Mikrokosmos	76	224225	0	['BTS']	['3Nrfpe0tUJi4K4DXYWgMUX']	2019-04-12	0.58	0.858	8	-5.212000000000001	1	0.114	0.125	0.0	0.0502	0.475	174.03900000000002	3
92516	7lthOBXNue2IvedLRfkod8	HOME	74	234178	0	['BTS']	['3Nrfpe0tUJi4K4DXYWgMUX']	2019-04-12	0.633	0.799	7	-4.625	0	0.0429	0.0142	0.0	0.19399999999999998	0.535	142.991	4
92520	314ZkcV7oLWG8yWE7LABvH	Make It Right (feat. Lauv)	74	226321	0	['BTS', 'Lauv']	['3Nrfpe0tUJi4K4DXYWgMUX', '5JZ7CnR6gTvEMKX4g70Amv']	2019-10-18	0.584	0.685	7	-7.811	1	0.425	0.0304	0.0	0.18899999999999997	0.345	97.551	4
92680	6KUE0HSSudAp9AOycaF6SH	Make It Right	73	226321	0	['BTS']	['3Nrfpe0tUJi4K4DXYWgMUX']	2019-04-12	0.638	0.703	7	-7.874	1	0.444	0.0104	0.0	0.132	0.261	105.766	4
92830	4saklk6nie3yiGePpBwUoc	Dynamite	91	199054	0	['BTS']	['3Nrfpe0tUJi4K4DXYWgMUX']	2020-11-20	0.746	0.765	6	-4.41	0	0.0993	0.0112	0.0	0.0936	0.737	114.044	4
92865	249gnXrbfmV8NG6jTEMSwD	Life Goes On	89	207481	0	['BTS']	['3Nrfpe0tUJi4K4DXYWgMUX']	2020-11-20	0.5660000000000001	0.716	1	-5.733	1	0.0424	0.0069099999999999995	0.0	0.37	0.45	81.068	4
93093	0t1kP63rueHleOhQkYSXFY	Dynamite	83	199054	0	['BTS']	['3Nrfpe0tUJi4K4DXYWgMUX']	2020-08-28	0.746	0.765	6	-4.41	0	0.0993	0.0112	0.0	0.0936	0.737	114.044	4
93197	0n2moJpAEWHwaPYYjkzMDl	Blue & Grey	81	254950	0	['BTS']	['3Nrfpe0tUJi4K4DXYWgMUX']	2020-11-20	0.547	0.605	8	-6.755	1	0.0415	0.42	0.0	0.125	0.364	121.95299999999999	4
93263	4TgxFMOn5yoESW6zCidCXL	Savage Love (Laxed – Siren Beat) [BTS Remix]	80	184905	1	['Jawsh 685', 'Jason Derulo', 'BTS']	['56mfhUDKa1vec6rSLZV5Eg', '07YZf4WDAMNwqr4jfgOZ8y', '3Nrfpe0tUJi4K4DXYWgMUX']	2020-10-02	0.758	0.598	0	-5.695	0	0.0868	0.16	0.0	0.295	0.6579999999999999	149.836	4
93281	2FVpOsjT1iquZ3SpCjZ9Ne	Telepathy	80	202313	0	['BTS']	['3Nrfpe0tUJi4K4DXYWgMUX']	2020-11-20	0.787	0.669	5	-4.333	0	0.0428	0.00782	0.0	0.12300000000000001	0.57	104.994	4
93342	3QH8rQGNFX8VLbCgZ7uPTS	Fly To My Room	80	222243	0	['BTS']	['3Nrfpe0tUJi4K4DXYWgMUX']	2020-11-20	0.764	0.526	11	-7.355	1	0.212	0.0484	0.0	0.0718	0.588	114.91	4
93362	2QyuXBcV1LJ2rq01KhreMF	ON	79	246381	0	['BTS']	['3Nrfpe0tUJi4K4DXYWgMUX']	2020-02-21	0.583	0.8170000000000001	9	-5.146	0	0.0987	0.11800000000000001	0.0	0.33799999999999997	0.43799999999999994	105.936	4
93386	54DmTIv86D3sYdiawjULQ0	Dis-ease	79	239722	0	['BTS']	['3Nrfpe0tUJi4K4DXYWgMUX']	2020-11-20	0.731	0.845	8	-5.352	1	0.132	0.0132	0.0	0.0782	0.484	101.085	4
93424	3ndCsZfq8OVwwkz9mmZvUz	Stay	79	204800	0	['BTS']	['3Nrfpe0tUJi4K4DXYWgMUX']	2020-11-20	0.5820000000000001	0.693	6	-5.048	1	0.0465	0.114	0.0	0.13	0.341	125.904	4
93476	0ono6UCNVZ1XqOm6j78Blu	Filter	78	180221	0	['BTS']	['3Nrfpe0tUJi4K4DXYWgMUX']	2020-02-21	0.7809999999999999	0.762	10	-5.188	0	0.0626	0.0222	0.0	0.121	0.86	110.042	4
93530	3Ys2PYl1wyPKQIwyqhP9cQ	Stay Gold	78	243267	0	['BTS']	['3Nrfpe0tUJi4K4DXYWgMUX']	2020-07-14	0.723	0.634	1	-5.415	1	0.0542	0.0892	0.0	0.0787	0.5820000000000001	129.017	4
93732	2qG81jL9UIP54uS8gYyP4k	Who (feat. BTS)	76	180413	0	['Lauv', 'BTS']	['5JZ7CnR6gTvEMKX4g70Amv', '3Nrfpe0tUJi4K4DXYWgMUX']	2020-03-06	0.632	0.345	11	-8.0	0	0.0349	0.551	0.0	0.10400000000000001	0.0818	141.641	3
93752	3TZ7NHkMT82AhwuYsd00Hz	Your eyes tell	76	245147	0	['BTS']	['3Nrfpe0tUJi4K4DXYWgMUX']	2020-07-14	0.449	0.491	9	-6.433	0	0.028999999999999998	0.27899999999999997	0.0	0.0654	0.258	139.923	4
93818	3UHPGOkUcE4hE7sqBF4Snt	Film out	88	214621	0	['BTS']	['3Nrfpe0tUJi4K4DXYWgMUX']	2021-04-01	0.499	0.7090000000000001	10	-6.404	1	0.134	0.29600000000000004	0.0	0.331	0.314	164.032	4
119339	0EQMrxdeiBhry9JCxskko3	I'm Fine	71	240339	0	['BTS']	['3Nrfpe0tUJi4K4DXYWgMUX']	2018-08-24	0.51	0.8420000000000001	11	-2.782	0	0.10300000000000001	0.00852	0.0	0.34600000000000003	0.302	87.605	4
119343	0xKNTDmIym4R2TfKnS4FQo	Airplane pt.2	71	218615	0	['BTS']	['3Nrfpe0tUJi4K4DXYWgMUX']	2018-08-24	0.769	0.8170000000000001	0	-4.092	0	0.0339	0.0268	9.95e-05	0.084	0.866	139.97899999999998	4
119348	4CvId64YZSB0RfRdfzPIQU	So What	71	281521	0	['BTS']	['3Nrfpe0tUJi4K4DXYWgMUX']	2018-05-18	0.6559999999999999	0.883	9	-4.294	0	0.0737	0.0238	0.0	0.0481	0.46	129.947	4
119417	6JdS5rJvJaRA7B1tcm7kxZ	Dionysus	72	249215	0	['BTS']	['3Nrfpe0tUJi4K4DXYWgMUX']	2019-04-12	0.502	0.91	7	-2.7689999999999997	1	0.107	0.04	0.0	0.319	0.588	176.084	4
121082	2BNuFV7ROaRHu2j3N6k729	Attack on Bangtan	62	246526	0	['BTS']	['3Nrfpe0tUJi4K4DXYWgMUX']	2013-09-11	0.7190000000000001	0.9620000000000001	11	-2.555	0	0.265	0.20199999999999999	0.0	0.165	0.669	117.999	4
121208	3CYqr8tC0Y3mrw80y6zqJC	Spine Breaker	62	238530	0	['BTS']	['3Nrfpe0tUJi4K4DXYWgMUX']	2014-02-12	0.68	0.927	0	-1.058	1	0.149	0.16699999999999998	0.0	0.43700000000000006	0.862	93.975	4
157814	0UDCfleTgwihlnOUxbzokR	Awake	65	226161	0	['BTS']	['3Nrfpe0tUJi4K4DXYWgMUX']	2016-10-10	0.35700000000000004	0.498	3	-6.5889999999999995	1	0.0332	0.023	1.99e-06	0.26899999999999996	0.33899999999999997	142.816	4
158001	7iV733e1KacKrFRaBNxVEf	Intro: Serendipity	64	139972	0	['BTS']	['3Nrfpe0tUJi4K4DXYWgMUX']	2017-09-18	0.47600000000000003	0.581	8	-8.795	1	0.12	0.523	0.0	0.201	0.282	129.56799999999998	4
158584	2isSdmQfVv32j2haL6hk9x	Intro : Persona	70	171023	0	['BTS']	['3Nrfpe0tUJi4K4DXYWgMUX']	2019-04-12	0.469	0.87	9	-4.475	0	0.342	0.0278	0.0	0.313	0.652	86.62200000000001	4
178949	6jJYbRYkvSuFwRtgTEpkb4	Embarrassed	58	241762	0	['BTS']	['3Nrfpe0tUJi4K4DXYWgMUX']	2014-08-20	0.551	0.898	2	-3.0189999999999997	1	0.28600000000000003	0.18100000000000002	0.0	0.379	0.552	84.774	4
179049	1ACMf8SOANvKlOu4vTWiJN	Silver Spoon	61	233160	0	['BTS']	['3Nrfpe0tUJi4K4DXYWgMUX']	2015-11-30	0.65	0.879	9	-2.886	1	0.0731	0.0010199999999999999	0.0	0.0483	0.536	166.89700000000002	4
179058	0PAq1DRlOGBAjXLno94j6b	Run	61	236748	0	['BTS']	['3Nrfpe0tUJi4K4DXYWgMUX']	2015-11-30	0.5539999999999999	0.878	11	-3.02	0	0.0513	0.00146	0.0	0.0998	0.55	132.889	4
210478	5eM0WUGlosevLM5sA6UsWd	Let Me Know	61	254973	0	['BTS']	['3Nrfpe0tUJi4K4DXYWgMUX']	2014-08-20	0.614	0.828	11	-4.84	0	0.0815	0.0116	0.0	0.0961	0.16	136.1	4
210502	2kyht6yYIHLianPBFxx7Mt	BTS Cypher Pt.3: Killer	61	267783	0	['BTS', 'Supreme Boi']	['3Nrfpe0tUJi4K4DXYWgMUX', '6sBiS0iWcCyMMgiYrEOxbt']	2014-08-20	0.7929999999999999	0.924	4	-3.017	0	0.321	0.0217	0.0	0.644	0.665	140.03	4
210505	1n99s09TM651WSXOMxyoHF	Tomorrow	60	261575	0	['BTS']	['3Nrfpe0tUJi4K4DXYWgMUX']	2014-02-12	0.311	0.887	1	-2.5780000000000003	0	0.27699999999999997	0.00941	0.0	0.281	0.627	175.483	3
210519	4HEFpKZaYWGTjgCjhnSShV	Rain	60	264667	0	['BTS']	['3Nrfpe0tUJi4K4DXYWgMUX']	2014-08-20	0.7020000000000001	0.851	1	-4.918	0	0.14300000000000002	0.031	0.0	0.354	0.313	89.95700000000001	4
210750	3RlcLpMmRvSd84Uw6Yt4Iw	I Need U	62	210987	0	['BTS']	['3Nrfpe0tUJi4K4DXYWgMUX']	2015-04-29	0.486	0.88	5	-3.097	0	0.0706	0.0215	0.0	0.24	0.71	158.043	4
210845	1WpxXAGAGpF2OoVFCytYtS	Hold Me Tight	65	273992	0	['BTS']	['3Nrfpe0tUJi4K4DXYWgMUX']	2016-05-02	0.636	0.799	6	-4.671	1	0.257	0.0154	3.95e-06	0.218	0.379	139.953	4
210886	3TVWi92dWPMVcKpXvX32UX	First Love	60	189795	0	['BTS']	['3Nrfpe0tUJi4K4DXYWgMUX']	2016-10-10	0.517	0.741	8	-5.997000000000001	0	0.32299999999999995	0.36200000000000004	0.0	0.16399999999999998	0.672	86.52600000000001	4
210928	5U1XqpEGLeDd48dDFNqQEC	MAMA	60	212275	0	['BTS']	['3Nrfpe0tUJi4K4DXYWgMUX']	2016-10-10	0.544	0.7390000000000001	5	-4.8180000000000005	0	0.23199999999999998	0.000226	2.14e-05	0.0816	0.467	185.81	4
210935	2offgVA6h500KKIvUYU5kP	For You	61	284587	0	['BTS']	['3Nrfpe0tUJi4K4DXYWgMUX']	2016-09-07	0.5479999999999999	0.809	4	-4.533	1	0.185	0.44	0.0	0.102	0.574	165.892	4
210941	62c60jSWnJWI4EImxeNeSW	Intro: Boy Meets Evil	61	121771	0	['BTS']	['3Nrfpe0tUJi4K4DXYWgMUX']	2016-10-10	0.573	0.89	5	-3.53	0	0.214	0.0212	0.0	0.132	0.242	130.254	4
210957	44F7Ieb36A6B2mXgrJLdR9	Lost	61	241787	0	['BTS']	['3Nrfpe0tUJi4K4DXYWgMUX']	2016-10-10	0.547	0.84	9	-4.156000000000001	0	0.0551	0.000371	0.0	0.0562	0.479	85.001	4
211051	5nq1uTNIR1cBR72T87viS0	Go Go	67	235780	0	['BTS']	['3Nrfpe0tUJi4K4DXYWgMUX']	2017-09-18	0.856	0.617	10	-5.308	0	0.0841	0.171	0.0	0.0857	0.759	136.082	4
211052	1yEzWCIc2MUt9Fw1p25YUo	Outro: Wings	66	225447	0	['BTS']	['3Nrfpe0tUJi4K4DXYWgMUX']	2017-02-13	0.654	0.903	11	-3.117	0	0.121	0.00503	0.0	0.0875	0.659	124.988	4
211055	3ryjLm3oupIjJFGc39naNi	dimple	67	196776	0	['BTS']	['3Nrfpe0tUJi4K4DXYWgMUX']	2017-09-18	0.612	0.8440000000000001	5	-4.694	0	0.0756	0.142	0.0	0.287	0.653	134.868	4
211150	2tdq0CeAGSfhI2l4Gwkvgx	Best Of Me	66	227191	0	['BTS']	['3Nrfpe0tUJi4K4DXYWgMUX']	2017-09-18	0.6509999999999999	0.7559999999999999	8	-4.388	1	0.0762	0.0298	0.0	0.396	0.473	121.96	4
211249	3zIG0WuI5RoJsFYnErkFDU	Don't Leave Me	70	227413	0	['BTS']	['3Nrfpe0tUJi4K4DXYWgMUX']	2018-04-04	0.62	0.778	8	-4.622	0	0.0724	0.11599999999999999	0.0	0.312	0.386	147.012	4
211251	3gpU0uqDonMBKEcJu4Rzsf	Singularity	70	196998	0	['BTS']	['3Nrfpe0tUJi4K4DXYWgMUX']	2018-08-24	0.775	0.271	1	-9.131	0	0.092	0.5539999999999999	0.00285	0.11199999999999999	0.204	104.001	3
211273	22ryCgQttpV7oCrn7llGRu	Magic Shop	70	275696	0	['BTS']	['3Nrfpe0tUJi4K4DXYWgMUX']	2018-05-18	0.541	0.6609999999999999	1	-5.837999999999999	1	0.0889	0.10300000000000001	0.0	0.0779	0.285	149.92600000000002	4
211278	66XDf77gBcfQKi4I2vIbTj	Waste It On Me	68	192537	0	['Steve Aoki', 'BTS']	['77AiFEVeAVj2ORpC85QVJs', '3Nrfpe0tUJi4K4DXYWgMUX']	2018-11-09	0.669	0.684	7	-4.595	1	0.0585	0.252	0.0	0.72	0.466	96.09700000000001	4
211280	0DrxFkuc1mpxdbUbssLQ4d	Dimple	70	196776	0	['BTS']	['3Nrfpe0tUJi4K4DXYWgMUX']	2018-08-24	0.612	0.8440000000000001	5	-4.694	0	0.0756	0.142	0.0	0.287	0.653	134.868	4
211286	01dmH2IPkrLNWIMPNXlreE	Paradise	69	211224	0	['BTS']	['3Nrfpe0tUJi4K4DXYWgMUX']	2018-05-18	0.519	0.828	5	-5.523	1	0.365	0.214	0.0	0.0571	0.929	139.41299999999998	4
211288	3KGEbCfnzAzFVimY9p62MN	Best Of Me	70	227191	0	['BTS']	['3Nrfpe0tUJi4K4DXYWgMUX']	2018-08-24	0.6509999999999999	0.7559999999999999	8	-4.388	1	0.0762	0.0298	0.0	0.396	0.473	121.96	4
211317	4d5nIJDm92XcbBHVXxjpWI	The Truth Untold	70	242293	0	['BTS', 'Steve Aoki']	['3Nrfpe0tUJi4K4DXYWgMUX', '77AiFEVeAVj2ORpC85QVJs']	2018-08-24	0.57	0.42200000000000004	1	-7.561	0	0.0422	0.37200000000000005	0.0	0.127	0.16899999999999998	113.007	4
211357	03iCbZaM4OkRR4We6wIzvx	IDOL	69	260234	0	['BTS', 'Nicki Minaj']	['3Nrfpe0tUJi4K4DXYWgMUX', '0hCNtLu0JehylgoiP8L4Gh']	2018-08-24	0.7090000000000001	0.857	9	-3.3939999999999997	1	0.0881	0.0021899999999999997	0.0	0.10300000000000001	0.446	126.038	4
211521	6woeVu3fVMflqen1t4N6pg	Old Town Road (feat. RM of BTS) - Seoul Town Road Remix	69	114133	0	['Lil Nas X', 'RM', 'BTS']	['7jVv8c5Fj3E9VhNjxT4snq', '2auC28zjQyVTsiZKNgPRGs', '3Nrfpe0tUJi4K4DXYWgMUX']	2019-07-24	0.89	0.513	1	-5.996	1	0.154	0.0706	0.0	0.102	0.61	136.02	4
211529	4c1WgUnHXq2LEncGHKgj1I	Dream Glow (BTS World Original Soundtrack) - Pt. 1	68	187458	0	['BTS', 'Charli XCX']	['3Nrfpe0tUJi4K4DXYWgMUX', '25uiPmTg16RbhZWAqwLBy5']	2019-06-07	0.735	0.74	0	-3.8369999999999997	0	0.0519	0.0967	0.0	0.10099999999999999	0.541	141.94799999999998	4
211556	4vTgx6h4seHvkuFh84JXYP	My Time	75	234458	0	['BTS']	['3Nrfpe0tUJi4K4DXYWgMUX']	2020-02-21	0.674	0.64	0	-5.138999999999999	0	0.0339	0.151	0.0	0.0925	0.664	99.90799999999999	4
211563	7w05lsU2VLSeiT8Nukrv5M	Friends	74	199339	0	['BTS']	['3Nrfpe0tUJi4K4DXYWgMUX']	2020-02-21	0.55	0.747	1	-5.211	1	0.0407	0.0668	0.0	0.0536	0.648	79.98	4
211599	1xfXXujIlLZAx5wpu46Nyk	Moon	73	208590	0	['BTS']	['3Nrfpe0tUJi4K4DXYWgMUX']	2020-02-21	0.703	0.6459999999999999	6	-6.6579999999999995	1	0.0596	0.0104	0.0	0.191	0.64	141.87	4
211632	44WLOqH7QayQOQdeUHeKUK	We are Bulletproof : the Eternal	75	261543	0	['BTS']	['3Nrfpe0tUJi4K4DXYWgMUX']	2020-02-21	0.526	0.575	9	-5.215	0	0.0309	0.225	0.0	0.10800000000000001	0.19	84.04700000000001	4
211649	4AlihYDqxXshKhvh5tnMfP	00:00 (Zero O’Clock)	74	250296	0	['BTS']	['3Nrfpe0tUJi4K4DXYWgMUX']	2020-02-21	0.5660000000000001	0.5479999999999999	1	-6.456	1	0.0579	0.0802	0.0	0.11	0.196	157.999	4
211659	4BKOjYosPhw334moS3wlbO	Inner Child	73	233266	0	['BTS']	['3Nrfpe0tUJi4K4DXYWgMUX']	2020-02-21	0.589	0.696	11	-7.981	1	0.0725	0.017	0.0	0.0808	0.332	134.953	4
211672	3bkkMZEAhx7rTVz1C0itRQ	Black Swan	73	198261	0	['BTS']	['3Nrfpe0tUJi4K4DXYWgMUX']	2020-02-21	0.7190000000000001	0.758	2	-5.167000000000001	0	0.0851	0.13699999999999998	0.0	0.129	0.49	147.023	4
211745	1aKuG1GG76xPLUkjBbQo3W	UGH!	73	225012	0	['BTS']	['3Nrfpe0tUJi4K4DXYWgMUX']	2020-02-21	0.72	0.8240000000000001	10	-5.086	0	0.128	0.0394	0.0	0.0509	0.33299999999999996	165.998	4
211747	3r9FFjLrAIQjoR8pSHVPC9	Outro : Ego	71	196199	0	['BTS']	['3Nrfpe0tUJi4K4DXYWgMUX']	2020-02-21	0.8079999999999999	0.903	0	-3.1060000000000003	1	0.0958	0.0121	0.000233	0.0993	0.473	116.988	4
211748	4GVwjLRT7oSsKby7Vy8EHr	Skit	68	179548	0	['BTS']	['3Nrfpe0tUJi4K4DXYWgMUX']	2020-11-20	0.703	0.321	4	-13.135	1	0.884	0.8640000000000001	0.0	0.9079999999999999	0.544	114.822	4
211770	3op7HNwLli54MBjFGzIlZO	Louder than bombs	73	217404	0	['BTS']	['3Nrfpe0tUJi4K4DXYWgMUX']	2020-02-21	0.643	0.667	0	-6.992999999999999	0	0.152	0.0433	0.0	0.0904	0.485	145.999	4
278331	6WAKgjqoVT0nwPkfL04HBl	Miss Right	59	241375	0	['BTS']	['3Nrfpe0tUJi4K4DXYWgMUX']	2014-05-14	0.721	0.835	1	-4.926	1	0.21100000000000002	0.371	0.0	0.0765	0.855	92.97	4
278603	6dr6QeqH62tYUiPezRbinq	Dope	62	240021	0	['BTS']	['3Nrfpe0tUJi4K4DXYWgMUX']	2015-04-29	0.619	0.889	10	-3.108	0	0.21899999999999997	0.0483	0.0	0.324	0.622	77.058	4
278934	0c2E2zcsp8EoWmfw8YQphH	Autumn Leaves	62	267151	0	['BTS']	['3Nrfpe0tUJi4K4DXYWgMUX']	2016-05-02	0.39399999999999996	0.799	6	-3.54	1	0.0914	0.0107	0.0	0.14400000000000002	0.297	104.999	4
279095	2SYa5Lx1uoCvyDIW4oee9b	MIC Drop	66	238193	0	['BTS']	['3Nrfpe0tUJi4K4DXYWgMUX']	2017-09-18	0.667	0.889	6	-4.851	1	0.0918	0.00912	0.0	0.0816	0.541	169.959	4
279559	0eeeyCAGnGZInPtpkdYiPa	Jamais Vu	69	227275	0	['BTS']	['3Nrfpe0tUJi4K4DXYWgMUX']	2019-04-12	0.608	0.47	8	-6.73	1	0.0428	0.226	0.0	0.0963	0.24100000000000002	81.0	4
279682	5EgYDyMDCi8X0zDydTF7Rb	Heartbeat (BTS World Original Soundtrack)	70	253304	0	['BTS']	['3Nrfpe0tUJi4K4DXYWgMUX']	2019-06-28	0.43700000000000006	0.716	5	-4.306	1	0.05	0.39	0.0	0.20800000000000002	0.307	170.09400000000002	4
279796	4ddjdyy29ADwNGdSz0ERef	Filter	59	180221	0	['BTS']	['3Nrfpe0tUJi4K4DXYWgMUX']	2020-02-28	0.7809999999999999	0.762	10	-5.188	0	0.0626	0.0222	0.0	0.121	0.86	110.042	4
279812	6xmllRxAVXF6il4BOO7GNG	ON	64	246381	0	['BTS']	['3Nrfpe0tUJi4K4DXYWgMUX']	2020-02-28	0.583	0.8170000000000001	9	-5.146	0	0.0987	0.11800000000000001	0.0	0.33799999999999997	0.43799999999999994	105.936	4
279895	04QxgGcJfmLu0VdUtpJUjm	Friends	61	199339	0	['BTS']	['3Nrfpe0tUJi4K4DXYWgMUX']	2020-02-28	0.55	0.747	1	-5.211	1	0.0407	0.0668	0.0	0.0536	0.648	79.98	4
279927	6jyoGetvIVKYPyjSzfnLFz	00:00 (Zero O’Clock)	58	250296	0	['BTS']	['3Nrfpe0tUJi4K4DXYWgMUX']	2020-02-28	0.5660000000000001	0.5479999999999999	1	-6.456	1	0.0579	0.0802	0.0	0.11	0.196	157.999	4
279957	0xOPxP77qyn7yfU8xdFBlF	Moon	57	208590	0	['BTS']	['3Nrfpe0tUJi4K4DXYWgMUX']	2020-02-28	0.703	0.6459999999999999	6	-6.6579999999999995	1	0.0596	0.0104	0.0	0.191	0.64	141.87	4
279991	24NuEDgyRIljwSyY0lsr7b	Black Swan	74	198261	0	['BTS']	['3Nrfpe0tUJi4K4DXYWgMUX']	2020-01-17	0.7190000000000001	0.758	2	-5.167000000000001	0	0.0851	0.13699999999999998	0.0	0.129	0.49	147.023	4
279993	6N1dT3gHkwIXxLD5NW5kjM	Inner Child	56	233266	0	['BTS']	['3Nrfpe0tUJi4K4DXYWgMUX']	2020-02-28	0.589	0.696	11	-7.981	1	0.0725	0.017	0.0	0.0808	0.332	134.953	4
279998	1UBQ9goca5pG61ewPL4NqG	We are Bulletproof : the Eternal	57	261543	0	['BTS']	['3Nrfpe0tUJi4K4DXYWgMUX']	2020-02-28	0.526	0.575	9	-5.215	0	0.0309	0.225	0.0	0.10800000000000001	0.19	84.04700000000001	4
280017	2hFvzG33VpV8gsCs1YHMb3	My Time	57	234458	0	['BTS']	['3Nrfpe0tUJi4K4DXYWgMUX']	2020-02-28	0.674	0.64	0	-5.138999999999999	0	0.0339	0.151	0.0	0.0925	0.664	99.90799999999999	4
335519	5kD6DnMehM1XD8dvS83Xzu	Outro: Luv in Skool	55	86045	0	['BTS']	['3Nrfpe0tUJi4K4DXYWgMUX']	2013-09-11	0.693	0.392	5	-6.615	1	0.0439	0.0508	0.0	0.14400000000000002	0.473	131.863	4
335719	5ajpyr32JgFtvW0nzvgva4	Iine!Pt.2 - Ano Bashode -	57	235467	0	['BTS']	['3Nrfpe0tUJi4K4DXYWgMUX']	2014-12-24	0.684	0.7170000000000001	11	-5.765	0	0.151	0.478	0.0	0.36700000000000005	0.861	95.039	4
335728	4AO4ayRhZI2e16fqkVpkJP	24/7=Heaven	56	226425	0	['BTS']	['3Nrfpe0tUJi4K4DXYWgMUX']	2014-08-20	0.643	0.903	2	-2.9760000000000004	1	0.11699999999999999	0.0635	0.0	0.33	0.573	96.068	4
335973	6ESRqSLumyZz7YCeCRuxWm	Whalien 52	60	243222	0	['BTS']	['3Nrfpe0tUJi4K4DXYWgMUX']	2015-11-30	0.585	0.93	10	-2.707	0	0.24100000000000002	0.0992	2.54e-06	0.345	0.735	90.029	4
336094	08eReCl8B3bV1GA247IGc2	Hold Me Tight	58	274992	0	['BTS']	['3Nrfpe0tUJi4K4DXYWgMUX']	2015-04-29	0.631	0.728	6	-5.111000000000001	1	0.284	0.0511	0.0	0.171	0.395	139.977	4
336233	0ma7lbs8BsVIv2kSaqOsDI	2! 3!	63	272537	0	['BTS']	['3Nrfpe0tUJi4K4DXYWgMUX']	2016-10-10	0.439	0.9279999999999999	7	-4.096	1	0.233	0.0254	0.0	0.1	0.599	169.928	4
336292	3p5PbT7QMSQpTG5X1qUqk1	Love Is Not Over (Full Length Edition)	61	221620	0	['BTS']	['3Nrfpe0tUJi4K4DXYWgMUX']	2016-05-02	0.462	0.5770000000000001	2	-5.0889999999999995	1	0.0846	0.124	0.0	0.127	0.278	102.97200000000001	4
336313	2aTDPjGFdyBfc3lKLAAaoI	Good Day	57	267507	0	['BTS']	['3Nrfpe0tUJi4K4DXYWgMUX']	2016-09-07	0.611	0.89	6	-3.7110000000000003	1	0.0451	0.0106	0.0	0.075	0.665	94.956	4
337129	44vXWYTcdrejrIQZEoHzl8	Lights	68	292773	0	['BTS']	['3Nrfpe0tUJi4K4DXYWgMUX']	2019-07-03	0.625	0.6629999999999999	5	-5.115	1	0.0302	0.11199999999999999	0.0	0.105	0.39799999999999996	98.99799999999999	4
337460	3TDUktzfYXMWjkWqwoT5F1	Lights	72	292853	0	['BTS']	['3Nrfpe0tUJi4K4DXYWgMUX']	2020-07-14	0.608	0.644	5	-5.587999999999999	1	0.0314	0.156	0.0	0.124	0.431	99.005	4
388438	24WkSw7HQ8JIfcEefvJkcq	We On	56	230885	0	['BTS']	['3Nrfpe0tUJi4K4DXYWgMUX']	2013-09-11	0.8009999999999999	0.797	2	-4.319	0	0.163	0.0405	2.37e-06	0.115	0.8009999999999999	97.01	4
405810	2hrKC9sSwWBiO0VGqZZY4z	Just One Day	56	239470	0	['BTS']	['3Nrfpe0tUJi4K4DXYWgMUX']	2014-05-14	0.504	0.7120000000000001	9	-4.705	1	0.379	0.175	0.0	0.377	0.307	189.577	4
405931	4i4uJFziL5tEO9tWRSudlJ	Autumn Leaves	58	267151	0	['BTS']	['3Nrfpe0tUJi4K4DXYWgMUX']	2015-11-30	0.619	0.802	10	-3.302	0	0.0423	0.0136	0.0	0.127	0.307	104.985	4
405938	61fAsfrYO5xUNTMwWQ0Xwu	Converse High	57	209715	0	['BTS']	['3Nrfpe0tUJi4K4DXYWgMUX']	2015-04-29	0.7240000000000001	0.794	1	-3.9819999999999998	1	0.0885	0.0594	0.0	0.201	0.815	98.0	4
405949	2TSJHS7rpLTzdDdVvaYB0f	Ma City	59	256687	0	['BTS']	['3Nrfpe0tUJi4K4DXYWgMUX']	2015-11-30	0.669	0.9670000000000001	6	-2.1919999999999997	0	0.0957	0.000266	0.0	0.0777	0.807	122.008	4
406048	1GxGLSKW0HxYkvUJH8OVRd	Butterfly	59	240091	0	['BTS']	['3Nrfpe0tUJi4K4DXYWgMUX']	2016-05-02	0.441	0.747	6	-4.583	1	0.0498	0.0107	0.0	0.10099999999999999	0.278	149.77100000000002	4
406058	38S0v2f5ljxzQE2CCdRVkd	Butterfly (Prologue Mix)	58	295128	0	['BTS']	['3Nrfpe0tUJi4K4DXYWgMUX']	2016-05-02	0.377	0.541	6	-6.4510000000000005	1	0.0487	0.0446	0.001	0.0909	0.135	74.34100000000001	4
406169	6NbfFVZ01Ttvvqmcok8DxL	Crystal Snow	67	323360	0	['BTS']	['3Nrfpe0tUJi4K4DXYWgMUX']	2018-04-04	0.618	0.7659999999999999	3	-4.507	1	0.0323	0.11699999999999999	0.0	0.121	0.44799999999999995	113.99700000000001	4
406180	4lRwa7PKcGIuJMwtPIYKdy	Anpanman	68	232966	0	['BTS']	['3Nrfpe0tUJi4K4DXYWgMUX']	2018-05-18	0.813	0.875	1	-2.92	0	0.0918	0.0237	0.0	0.28800000000000003	0.7559999999999999	99.00399999999999	4
406185	1trFxVLL8WKhYap543e74l	Airplane pt.2	68	218615	0	['BTS']	['3Nrfpe0tUJi4K4DXYWgMUX']	2018-05-18	0.769	0.8170000000000001	0	-4.092	0	0.0339	0.0268	9.95e-05	0.084	0.866	139.97899999999998	4
406225	38td8VabuKlQt72Q2VnhbO	134340	68	230063	0	['BTS']	['3Nrfpe0tUJi4K4DXYWgMUX']	2018-05-18	0.664	0.688	11	-6.466	0	0.0543	0.153	9.14e-05	0.17300000000000001	0.65	106.022	4
406227	6ePyl2ns4b7MVYhjsj32ZK	Intro: Singularity	67	196998	0	['BTS']	['3Nrfpe0tUJi4K4DXYWgMUX']	2018-05-18	0.775	0.271	1	-9.131	0	0.092	0.5539999999999999	0.00285	0.11199999999999999	0.204	104.001	3
406234	6L1rxT6NUotot2AAiLXGLj	Tear	65	284981	0	['BTS']	['3Nrfpe0tUJi4K4DXYWgMUX']	2018-08-24	0.711	0.903	6	-2.7230000000000003	0	0.247	0.327	0.0	0.0887	0.467	140.015	4
406349	5XkyZyKMdFungjDb9cUKc3	A Brand New Day (BTS World Original Soundtrack) [Pt. 2]	66	205020	0	['BTS', 'Zara Larsson']	['3Nrfpe0tUJi4K4DXYWgMUX', '1Xylc3o4UrD53lo9CvFvVg']	2019-06-14	0.804	0.498	8	-7.3870000000000005	0	0.0571	0.33899999999999997	0.000236	0.18	0.7040000000000001	105.008	4
406447	2Nib4r0saYQf2pUV4RFDhl	Interlude : Shadow	70	259821	0	['BTS']	['3Nrfpe0tUJi4K4DXYWgMUX']	2020-02-21	0.385	0.7979999999999999	9	-6.439	0	0.483	0.115	0.0	0.18100000000000002	0.141	149.756	4
406454	5oXdWFCLkBX5XmGbTrlK40	Jamais Vu	68	227275	0	['BTS']	['3Nrfpe0tUJi4K4DXYWgMUX']	2020-02-21	0.608	0.47	8	-6.73	1	0.0428	0.226	0.0	0.0963	0.24100000000000002	81.0	4
406469	37TSJmYKLxXmx8OehFpqMN	Respect	69	237540	0	['BTS']	['3Nrfpe0tUJi4K4DXYWgMUX']	2020-02-21	0.6609999999999999	0.84	0	-4.805	1	0.11599999999999999	0.00485	0.0	0.287	0.524	91.45700000000001	4
479009	5LbP0hX0ek03JornvxLVxO	Mntp	55	146671	1	['Baby J & MLSHBTS', 'Pikette23']	['3AuVD85Q1DtjeJTEzlaMBF', '4Fl8dEtJlmvFkYb4HZr8Fi']	2019-03-17	0.784	0.377	5	-9.301	0	0.257	0.669	0.000443	0.129	0.843	80.884	4
530167	5XQjspYTlLobTIWdWjJ3Jj	BTS Cypher Pt.2: Triptych	57	288771	0	['BTS']	['3Nrfpe0tUJi4K4DXYWgMUX']	2014-02-12	0.585	0.98	5	-0.826	1	0.37	0.127	0.0	0.6920000000000001	0.8370000000000001	141.945	4
530467	43x0i2PPXrmOGTTgoyqGNZ	For You	49	285067	0	['BTS']	['3Nrfpe0tUJi4K4DXYWgMUX']	2015-06-17	0.5539999999999999	0.8140000000000001	4	-4.312	1	0.21100000000000002	0.47700000000000004	0.0	0.111	0.5720000000000001	166.06400000000002	4
531264	72axIDDOCa3uaXZEIQZhnR	MIC Drop	64	238193	0	['BTS']	['3Nrfpe0tUJi4K4DXYWgMUX']	2018-08-24	0.667	0.889	6	-4.851	1	0.0918	0.00912	0.0	0.0816	0.541	169.959	4
559641	6h53Ks7v6dUVJBTDTkXZ2t	Like	53	231893	0	['BTS']	['3Nrfpe0tUJi4K4DXYWgMUX']	2013-06-12	0.738	0.7290000000000001	0	-4.173	0	0.071	0.3	0.0	0.257	0.764	100.95	4
559644	0MZBOuIh4UZZDu9edh6tfJ	No More Dream	52	222053	0	['BTS']	['3Nrfpe0tUJi4K4DXYWgMUX']	2013-06-12	0.435	0.8590000000000001	2	-5.193	1	0.46799999999999997	0.0131	5.74e-06	0.435	0.6409999999999999	167.873	4
559649	4dtUOhLeJl9tQ5gYwbt6Ir	We Are Bulletproof, Pt. 2	51	223907	0	['BTS']	['3Nrfpe0tUJi4K4DXYWgMUX']	2013-06-12	0.755	0.956	8	-5.1160000000000005	0	0.15	0.0104	1.06e-05	0.14400000000000002	0.883	144.091	4
559703	0Tb8sBQ9fseZbDRzRSxTdi	Coffee	44	261453	0	['BTS']	['3Nrfpe0tUJi4K4DXYWgMUX']	2013-09-11	0.652	0.794	0	-6.604	1	0.0957	0.00808	0.0	0.298	0.545	92.045	4
559727	3PbsbZhmmnP6avCGm90ovX	N.O	43	209733	0	['BTS']	['3Nrfpe0tUJi4K4DXYWgMUX']	2013-09-11	0.601	0.9159999999999999	7	-3.827	1	0.171	0.0397	0.0	0.557	0.516	146.96200000000002	4
559746	6bCoSWW1zyQrwQDSMEmsVy	Attack on Bangtan	41	247160	0	['BTS']	['3Nrfpe0tUJi4K4DXYWgMUX']	2013-09-11	0.722	0.961	11	-2.548	0	0.267	0.203	0.0	0.121	0.6779999999999999	118.016	4
559878	6XlwoLi2qTcgal7gnKskTU	Outro: Luv In Skool	37	87053	0	['BTS']	['3Nrfpe0tUJi4K4DXYWgMUX']	2013-09-11	0.7040000000000001	0.39299999999999996	5	-6.574	1	0.0461	0.0513	0.0	0.10800000000000001	0.425	132.032	4
559938	4DHWpbu7t1IAJHbAjWOI3T	Paldo Gangsan	35	205400	0	['BTS']	['3Nrfpe0tUJi4K4DXYWgMUX']	2013-09-11	0.5579999999999999	0.9440000000000001	11	-3.1060000000000003	0	0.239	0.10099999999999999	0.0	0.0995	0.851	105.169	4
559954	7gSh8RNHaEciG0QUqlx2fN	We On	35	231493	0	['BTS']	['3Nrfpe0tUJi4K4DXYWgMUX']	2013-09-11	0.8009999999999999	0.797	5	-4.332	1	0.149	0.0432	2.72e-06	0.11800000000000001	0.833	96.98700000000001	4
560009	06uGjA3zCQNxUIGa5dIcdQ	If I Ruled the World	34	248587	0	['BTS']	['3Nrfpe0tUJi4K4DXYWgMUX']	2013-09-11	0.745	0.7440000000000001	7	-6.295	1	0.121	0.0424	0.0	0.251	0.6890000000000001	95.993	4
560201	6VyHPy4UjMLKoLNw5RKwAL	いいね!Pt.2 ~あの場所で~	41	235467	0	['BTS']	['3Nrfpe0tUJi4K4DXYWgMUX']	2014-12-24	0.684	0.7170000000000001	11	-5.765	0	0.151	0.478	0.0	0.36700000000000005	0.861	95.039	4
560256	2GZko6NsLQZnUzY5RSODBt	MISS RIGHT -Japanese Ver.-	40	242093	0	['BTS']	['3Nrfpe0tUJi4K4DXYWgMUX']	2014-11-19	0.693	0.8059999999999999	1	-4.975	1	0.256	0.42	0.0	0.106	0.873	92.96600000000001	4
560262	12ZzMA3m2ingQEzmbw3kNR	いいね!	40	232467	0	['BTS']	['3Nrfpe0tUJi4K4DXYWgMUX']	2014-12-24	0.7659999999999999	0.674	0	-5.553999999999999	0	0.0897	0.22699999999999998	0.0	0.124	0.769	101.00299999999999	4
560323	2OpqoTggpAe1JQt7JjMahT	JUST ONE DAY - Japanese Ver.	38	241040	0	['BTS']	['3Nrfpe0tUJi4K4DXYWgMUX']	2014-07-16	0.6940000000000001	0.579	9	-7.567	1	0.23199999999999998	0.0615	0.0	0.0901	0.34	94.93700000000001	4
560350	5dK6OtqmHEVjaSm0RsiJ4Q	JUMP -Japanese Ver.-	37	237200	0	['BTS']	['3Nrfpe0tUJi4K4DXYWgMUX']	2014-12-24	0.489	0.9690000000000001	7	-2.9160000000000004	0	0.35700000000000004	0.0361	0.0	0.5920000000000001	0.698	102.07	4
560404	4tRMWHkeoOoraTGe4r9LKZ	BOY IN LUV -Japanese Ver.-	36	232507	0	['BTS']	['3Nrfpe0tUJi4K4DXYWgMUX']	2014-12-24	0.527	0.902	4	-5.013	0	0.154	0.00105	0.0	0.172	0.542	82.70299999999999	4
560454	1L8oTLiLZxzxh5yrgf0j1w	Danger -Japanese Ver.-	36	247627	0	['BTS']	['3Nrfpe0tUJi4K4DXYWgMUX']	2014-12-24	0.726	0.8370000000000001	1	-4.718999999999999	1	0.0532	0.000656	0.00128	0.10300000000000001	0.408	112.04299999999999	4
560476	3rrqE1KR8LtixLzgtBFcCu	I Need U	58	211653	0	['BTS']	['3Nrfpe0tUJi4K4DXYWgMUX']	2015-09-16	0.474	0.879	5	-3.168	0	0.0675	0.0228	0.0	0.29	0.713	158.363	4
560478	4IzofHMmUybZv3myzHlZE7	Dope	58	240387	0	['BTS']	['3Nrfpe0tUJi4K4DXYWgMUX']	2015-09-16	0.629	0.8909999999999999	10	-3.215	0	0.21899999999999997	0.0436	0.0	0.423	0.623	77.003	4
560488	0cRo5ewMI3AjlUaW0htTWv	Boy In Luv	56	230400	0	['BTS']	['3Nrfpe0tUJi4K4DXYWgMUX']	2015-03-18	0.467	0.9470000000000001	0	-2.28	1	0.344	0.00265	0.0	0.326	0.469	165.956	4
560489	0uiv87qsv7kOjBO8jDbZeh	Run	56	236747	0	['BTS']	['3Nrfpe0tUJi4K4DXYWgMUX']	2015-11-30	0.5710000000000001	0.877	6	-3.0189999999999997	0	0.0483	0.00158	0.0	0.1	0.506	132.938	4
560493	6Mcw9SkDRCOF71bFO4cv0B	Butterfly	55	238853	0	['BTS']	['3Nrfpe0tUJi4K4DXYWgMUX']	2015-11-30	0.429	0.775	6	-4.518	1	0.0577	0.0151	0.0	0.124	0.28300000000000003	149.618	4
560498	5F3whjI23ic3OqMepUWIii	Just One Day	54	239827	0	['BTS']	['3Nrfpe0tUJi4K4DXYWgMUX']	2015-03-18	0.505	0.713	9	-4.71	1	0.376	0.174	0.0	0.405	0.326	190.21099999999998	4
560500	5woBL7INOKn8zYhsN9Bpq8	Danger	53	245107	0	['BTS']	['3Nrfpe0tUJi4K4DXYWgMUX']	2015-03-18	0.7390000000000001	0.866	1	-3.3789999999999996	1	0.0818	0.000949	0.00037799999999999997	0.321	0.38799999999999996	112.012	4
560501	1EH4ZsNGE01TWEvhDaFAMZ	Silver Spoon	52	233160	0	['BTS']	['3Nrfpe0tUJi4K4DXYWgMUX']	2015-11-30	0.6509999999999999	0.88	9	-2.8689999999999998	1	0.0649	0.00119	0.0	0.0467	0.544	166.93	4
560503	4aQx3giaLD2sybftDoxI6l	Boyz With Fun	52	245413	0	['BTS']	['3Nrfpe0tUJi4K4DXYWgMUX']	2015-09-16	0.6990000000000001	0.9590000000000001	11	-2.7089999999999996	1	0.188	0.0761	0.0	0.341	0.779	116.01299999999999	4
560509	2o4ltEUubh8WST2Mh3nDTx	Hold Me Tight	51	274613	0	['BTS']	['3Nrfpe0tUJi4K4DXYWgMUX']	2015-09-16	0.63	0.726	6	-5.187	1	0.257	0.0517	0.0	0.233	0.353	139.998	4
560545	0aRpO1s7kqad4eGsq0gOTh	War of Hormone	48	265573	0	['BTS']	['3Nrfpe0tUJi4K4DXYWgMUX']	2015-03-18	0.614	0.992	9	-1.929	1	0.235	0.107	0.0	0.44299999999999995	0.48	97.94	4
560551	7lxncfUV7zPkGukbzx9wID	Autumn Leaves	47	267160	0	['BTS']	['3Nrfpe0tUJi4K4DXYWgMUX']	2015-11-30	0.617	0.8029999999999999	10	-3.339	0	0.0425	0.0152	0.0	0.152	0.314	105.04	4
560601	39emdsWDNJGcJdgCNpbWO4	Jump	45	237680	0	['BTS']	['3Nrfpe0tUJi4K4DXYWgMUX']	2015-03-18	0.499	0.971	7	-0.951	0	0.278	0.0367	0.0	0.382	0.7140000000000001	102.006	4
560666	0V0FZFrqbuLz22CE6YRg9m	Whalien 52	43	243227	1	['BTS']	['3Nrfpe0tUJi4K4DXYWgMUX']	2015-11-30	0.58	0.93	1	-2.7	1	0.282	0.10400000000000001	6.1e-06	0.337	0.7190000000000001	90.06299999999999	4
560686	5cEIQPz7ZvIAMNLBHsS1hT	Tomorrow	42	261853	0	['BTS']	['3Nrfpe0tUJi4K4DXYWgMUX']	2015-03-18	0.32799999999999996	0.882	1	-2.612	0	0.19699999999999998	0.008620000000000001	0.0	0.278	0.6509999999999999	85.35799999999999	5
560691	66arbOPCRYpO3Q67Seprsg	Converse High	42	211053	0	['BTS']	['3Nrfpe0tUJi4K4DXYWgMUX']	2015-09-16	0.7240000000000001	0.7859999999999999	1	-4.063	1	0.0911	0.066	0.0	0.0478	0.797	98.0	4
560708	1y926ZlSXIXchk01VnH6EG	Ma City	41	256693	0	['BTS']	['3Nrfpe0tUJi4K4DXYWgMUX']	2015-11-30	0.6709999999999999	0.9690000000000001	6	-2.218	0	0.0879	0.000279	0.0	0.0808	0.8079999999999999	122.012	4
560738	0EIBnUHCGw6dh9YLHOfaJK	Spine Breaker	40	238573	0	['BTS']	['3Nrfpe0tUJi4K4DXYWgMUX']	2015-03-18	0.68	0.925	0	-1.046	1	0.161	0.15	0.0	0.43200000000000005	0.863	94.001	4
560749	2d2UG9bcBdCcvb3awsIEGr	ホルモン戦争(Japanese Ver.)	40	268400	0	['BTS']	['3Nrfpe0tUJi4K4DXYWgMUX']	2015-06-17	0.634	0.996	9	-1.1079999999999999	1	0.254	0.161	0.0	0.331	0.401	97.976	4
560761	36BmXxBjwnxQr3Gc0hloLW	Embarrassed	39	241733	0	['BTS']	['3Nrfpe0tUJi4K4DXYWgMUX']	2015-03-18	0.603	0.9009999999999999	2	-3.033	1	0.27	0.172	0.0	0.369	0.5579999999999999	84.605	4
560764	3LDpCtO9Z8ryQJ78Zp2qWX	Let Me Know	39	256213	0	['BTS']	['3Nrfpe0tUJi4K4DXYWgMUX']	2015-03-18	0.612	0.8220000000000001	11	-4.835	0	0.0812	0.0112	0.0	0.102	0.165	136.084	4
560780	7IH74sR2rqVJAKywb7E7hb	Moving On	39	294360	0	['BTS']	['3Nrfpe0tUJi4K4DXYWgMUX']	2015-09-16	0.679	0.9079999999999999	0	-3.2880000000000003	1	0.19399999999999998	0.0122	0.0	0.0865	0.9229999999999999	159.994	4
560823	1ZyRw7RjYJhbr7SsMU7FVA	Outro: Love Is Not Over	38	143560	0	['BTS']	['3Nrfpe0tUJi4K4DXYWgMUX']	2015-09-16	0.7170000000000001	0.325	2	-8.147	1	0.0607	0.66	0.0	0.134	0.20600000000000002	105.046	4
560849	151kO9WHlgmLz0AFjZ1sTY	Outro: Propose	37	122560	0	['BTS']	['3Nrfpe0tUJi4K4DXYWgMUX']	2015-03-18	0.58	0.8440000000000001	2	-2.494	1	0.0584	0.466	0.0	0.204	0.504	86.89200000000001	4
560852	0jIgXRAgDqQtGsnfwTfGmb	24/7=Heaven	37	226400	0	['BTS']	['3Nrfpe0tUJi4K4DXYWgMUX']	2015-03-18	0.644	0.894	2	-2.992	1	0.121	0.0665	0.0	0.341	0.563	96.05799999999999	4
560877	14TD0O0gPHIl1kok1CqblH	Look Here	37	218867	0	['BTS']	['3Nrfpe0tUJi4K4DXYWgMUX']	2015-03-18	0.856	0.85	7	-4.571000000000001	1	0.0933	0.0327	0.00149	0.0495	0.767	120.012	4
560879	61K7Er09Tf4D17ikccnfTz	Rain	37	265347	0	['BTS']	['3Nrfpe0tUJi4K4DXYWgMUX']	2015-03-18	0.711	0.847	1	-4.9110000000000005	0	0.12	0.0261	0.0	0.34700000000000003	0.327	89.995	4
560895	4EVl8UQ5ZseT7mQMOzXAAV	Fire	58	203347	0	['BTS']	['3Nrfpe0tUJi4K4DXYWgMUX']	2016-05-02	0.628	0.718	11	-3.167	1	0.0886	0.0025	0.0	0.145	0.507	100.005	4
560896	6jq9F7GSXFtqKwb1dW2Mxn	Blood Sweat & Tears	58	217027	0	['BTS']	['3Nrfpe0tUJi4K4DXYWgMUX']	2016-10-10	0.579	0.89	0	-3.553	0	0.111	0.0253	0.0	0.358	0.588	93.03	4
560897	1Z8X01dllP6jsUgAHRHOdW	Save Me	58	196533	0	['BTS']	['3Nrfpe0tUJi4K4DXYWgMUX']	2016-05-02	0.614	0.797	1	-3.431	1	0.0599	0.0328	0.0	0.0713	0.518	139.966	4
560919	5MmABMNE9bQlzrk3bVR09B	Lie	52	215733	0	['BTS']	['3Nrfpe0tUJi4K4DXYWgMUX']	2016-10-10	0.547	0.797	6	-5.599	0	0.0339	0.00255	0.0	0.228	0.49	94.074	3
560925	27ZWceiCHYP1SVPDn05OO9	21st Century Girl	52	192600	0	['BTS']	['3Nrfpe0tUJi4K4DXYWgMUX']	2016-10-10	0.715	0.9009999999999999	2	-3.534	1	0.0634	0.00417	0.0	0.0546	0.8290000000000001	101.023	4
560930	4xTBGxSMgxcpJjMNnIKTl5	Stigma	51	216040	0	['BTS']	['3Nrfpe0tUJi4K4DXYWgMUX']	2016-10-10	0.444	0.484	0	-5.602	0	0.129	0.156	0.0	0.18	0.37200000000000005	134.093	4
560943	0oanbKJIff7s5e7EhckbI7	Begin	50	229720	0	['BTS']	['3Nrfpe0tUJi4K4DXYWgMUX']	2016-10-10	0.574	0.851	9	-5.249	0	0.0437	0.00372	0.000122	0.14	0.256	130.93	4
560956	0iHSING1EOD8eoW0twTnPe	BTS Cypher 4	49	294440	0	['BTS']	['3Nrfpe0tUJi4K4DXYWgMUX']	2016-10-10	0.821	0.79	1	-4.422	0	0.0779	0.0056	9.84e-06	0.0541	0.373	119.965	4
560963	4K5ZG5nvQgu9EdyPKSigKm	FOR YOU	48	284587	0	['BTS']	['3Nrfpe0tUJi4K4DXYWgMUX']	2016-09-07	0.5479999999999999	0.809	4	-4.533	1	0.185	0.44	0.0	0.102	0.574	165.892	4
560982	18wfNzieLOgddJzOeJhokU	2! 3!	47	272507	0	['BTS']	['3Nrfpe0tUJi4K4DXYWgMUX']	2016-10-10	0.43	0.929	11	-4.0889999999999995	0	0.249	0.0232	0.0	0.102	0.61	169.74	4
560984	6DYpAAYUHc8Xj1MIFbgJcR	Epilogue : Young Forever	47	171787	0	['BTS']	['3Nrfpe0tUJi4K4DXYWgMUX']	2016-05-02	0.61	0.8220000000000001	5	-3.8310000000000004	0	0.26	0.0435	0.0	0.122	0.37799999999999995	87.96700000000001	4
560985	3m89n4dEXFD2S14Q2EcygO	Lost	47	241773	0	['BTS']	['3Nrfpe0tUJi4K4DXYWgMUX']	2016-10-10	0.401	0.836	0	-4.206	1	0.0828	0.000371	0.0	0.0477	0.396	84.74799999999999	4
560989	19A5anJ64b157jUzr9PDMd	Awake	47	226133	0	['BTS']	['3Nrfpe0tUJi4K4DXYWgMUX']	2016-10-10	0.311	0.504	3	-6.566	1	0.034	0.0225	1.13e-06	0.28800000000000003	0.308	143.205	4
561016	0AIQYEq4LaKB6R9WiwmSsT	Good Day	45	267507	0	['BTS']	['3Nrfpe0tUJi4K4DXYWgMUX']	2016-09-07	0.611	0.89	6	-3.7110000000000003	1	0.0451	0.0106	0.0	0.075	0.665	94.956	4
561039	6afHEsJZSp4s4JIPOSgB4w	I NEED U(Japanese Ver.)	44	212200	0	['BTS']	['3Nrfpe0tUJi4K4DXYWgMUX']	2016-09-07	0.49700000000000005	0.866	5	-4.02	0	0.0681	0.0147	0.0	0.161	0.732	158.049	4
561060	0hHw8V6p7p4gIUDdEfnk78	RUN‐Japanese Ver.‐	44	237920	0	['BTS']	['3Nrfpe0tUJi4K4DXYWgMUX']	2016-09-07	0.531	0.863	11	-3.4989999999999997	0	0.0411	0.000741	0.00011899999999999999	0.21	0.551	132.982	4
561061	4qtif4YRqkU7V1UtDZSHjL	Save ME‐Japanese Ver.‐	44	199667	0	['BTS']	['3Nrfpe0tUJi4K4DXYWgMUX']	2016-09-07	0.623	0.804	1	-3.705	1	0.0735	0.0498	0.0	0.0903	0.39399999999999996	140.077	4
561065	7oFP6ewu9e7f4Kxm0sClc8	FIRE‐Japanese Ver.‐	44	205373	0	['BTS']	['3Nrfpe0tUJi4K4DXYWgMUX']	2016-09-07	0.6509999999999999	0.7140000000000001	3	-2.977	0	0.0699	0.00359	0.0	0.125	0.508	99.999	4
561080	3f0t8cRg3hz7nyP9W1k9FD	Butterfly‐Japanese Ver.‐	43	240680	0	['BTS']	['3Nrfpe0tUJi4K4DXYWgMUX']	2016-09-07	0.319	0.785	1	-4.5489999999999995	1	0.0674	0.025	0.0	0.07400000000000001	0.231	149.02700000000002	4
561122	6hzENpxQwAaz6Cvrok38gZ	Love Is Not Over - Full Length Edition	42	221573	0	['BTS']	['3Nrfpe0tUJi4K4DXYWgMUX']	2016-05-02	0.691	0.591	4	-5.075	0	0.0685	0.121	0.0	0.139	0.275	105.074	4
561138	23IA8fIfML3LR0WH4t7Wym	I Need U	42	210693	0	['BTS']	['3Nrfpe0tUJi4K4DXYWgMUX']	2016-05-02	0.46	0.897	5	-2.364	0	0.0934	0.0217	0.0	0.287	0.6509999999999999	158.107	4
561139	1hSYYD9WI0fuVxN0MFLVYy	Wishing on a star	42	271760	0	['BTS']	['3Nrfpe0tUJi4K4DXYWgMUX']	2016-09-07	0.5429999999999999	0.8320000000000001	8	-4.717	1	0.209	0.0168	0.0	0.0398	0.636	179.963	4
561157	63sjBMqEHNFuXIYaQkuF0q	Interlude: Wings	41	144920	0	['BTS']	['3Nrfpe0tUJi4K4DXYWgMUX']	2016-10-10	0.64	0.85	11	-3.0780000000000003	0	0.0884	0.0103	0.0	0.0962	0.616	125.007	4
561168	4C84QmSqZp40VxWnRcMAJP	Dope	41	240027	0	['BTS']	['3Nrfpe0tUJi4K4DXYWgMUX']	2016-05-02	0.56	0.892	10	-2.79	0	0.293	0.0318	2.82e-06	0.455	0.657	153.951	4
561180	6idFWORbGH9bH3Y9ktysWx	Am I Wrong	41	213040	0	['BTS']	['3Nrfpe0tUJi4K4DXYWgMUX']	2016-10-10	0.7559999999999999	0.8340000000000001	10	-4.9830000000000005	0	0.0568	0.00158	5.5e-06	0.0824	0.634	107.96799999999999	4
561183	7aGWDCKc6qWd9okLRgeJF8	House Of Cards - Full Length Edition	40	226267	0	['BTS']	['3Nrfpe0tUJi4K4DXYWgMUX']	2016-05-02	0.38799999999999996	0.672	9	-4.459	0	0.0474	0.35100000000000003	0.0	0.14	0.389	103.441	4
561188	0x6ntMwjXoRaNPrrFPoIY0	DOPE‐超ヤベー!‐(Japanese Ver.)	40	241973	0	['BTS']	['3Nrfpe0tUJi4K4DXYWgMUX']	2016-09-07	0.579	0.897	10	-3.5660000000000003	0	0.212	0.0285	0.0	0.43	0.545	154.002	4
561206	05tXjIPecu7f1nHJ5dglYT	フンタン少年団(Japanese Ver.)	40	245880	0	['BTS']	['3Nrfpe0tUJi4K4DXYWgMUX']	2016-09-07	0.69	0.9620000000000001	1	-3.66	1	0.19899999999999998	0.0537	0.0	0.34700000000000003	0.77	116.029	4
561209	6hTUjGzDnrEyrmzy9hqkBT	ペップセ‐Japanese Ver.‐	40	236293	0	['BTS']	['3Nrfpe0tUJi4K4DXYWgMUX']	2016-09-07	0.669	0.885	9	-3.622	1	0.11800000000000001	0.0009550000000000001	0.0	0.0398	0.544	166.967	4
561215	3uokvtxkooSxnL2fBAblzL	Run	40	236333	0	['BTS']	['3Nrfpe0tUJi4K4DXYWgMUX']	2016-05-02	0.5760000000000001	0.875	11	-2.9330000000000003	0	0.054000000000000006	0.0016	0.0	0.10300000000000001	0.508	132.964	4
561216	00EpTcZPrp4vNv8aToYBpv	Mama	40	212253	0	['BTS']	['3Nrfpe0tUJi4K4DXYWgMUX']	2016-10-10	0.544	0.7440000000000001	5	-4.795	0	0.21899999999999997	0.00022200000000000003	1.66e-05	0.0796	0.43700000000000006	185.99599999999998	4
561251	3EiEbnbznDnoPGIU8Btv1F	EPILOGUE : Young Forever‐Japanese Ver.‐	39	173347	0	['BTS']	['3Nrfpe0tUJi4K4DXYWgMUX']	2016-09-07	0.461	0.76	5	-4.2989999999999995	0	0.23600000000000002	0.0221	0.0	0.10400000000000001	0.349	87.434	4
561294	5xFoqABWVj4FIAf7vQX8FN	Spring Day	60	274093	0	['BTS']	['3Nrfpe0tUJi4K4DXYWgMUX']	2017-02-13	0.539	0.846	8	-3.188	1	0.0358	0.00672	1.46e-06	0.131	0.461	106.988	4
561303	46qcoYJhhjkQoSfMjKs6sO	Not Today	57	231853	0	['BTS']	['3Nrfpe0tUJi4K4DXYWgMUX']	2017-02-13	0.595	0.9390000000000001	8	-3.4130000000000003	1	0.141	0.00215	0.0	0.935	0.653	110.04	4
561331	2I5qMlv43L5UbimvjzWhzz	Outro: Wings	54	225453	0	['BTS']	['3Nrfpe0tUJi4K4DXYWgMUX']	2017-02-13	0.6559999999999999	0.9	11	-3.0980000000000003	0	0.106	0.0052	0.0	0.0856	0.645	124.976	4
561345	6GngNTAPaRxIVC0FEUHtNa	死んでも君だよ	52	231853	0	['V(BTS)', 'JIN(BTS)']	['2qSfstLlVGHE606ZeuZsbY', '3R2P6dkTxyHpdiWByKyIjR']	2017-12-20	0.741	0.723	10	-3.4789999999999996	0	0.052000000000000005	0.256	0.0	0.0839	0.76	95.005	4
561581	7sese9JnyjwwgscEp2aGP2	A Supplementary Story: You Never Walk Alone	42	156053	0	['BTS']	['3Nrfpe0tUJi4K4DXYWgMUX']	2017-02-13	0.698	0.9009999999999999	8	-4.702	1	0.14800000000000002	0.00506	0.0	0.0729	0.5539999999999999	127.995	4
561738	2r1T6xGTVaNAqBoPH4lZEE	Waste It On Me (feat. BTS)	56	192537	0	['Steve Aoki', 'BTS']	['77AiFEVeAVj2ORpC85QVJs', '3Nrfpe0tUJi4K4DXYWgMUX']	2018-10-25	0.669	0.684	7	-4.595	1	0.0585	0.252	0.0	0.72	0.466	96.09700000000001	4
561753	4Bkh5uDlP14vneIoRG0umC	DNA - Japanese ver.	54	223707	0	['BTS']	['3Nrfpe0tUJi4K4DXYWgMUX']	2018-04-04	0.574	0.7609999999999999	1	-3.5789999999999997	0	0.0849	0.00335	0.0	0.0645	0.597	129.817	4
561762	4a8guR4owPEdDyLsPIC6HP	Spring Day - Japanese ver.	54	276840	0	['BTS']	['3Nrfpe0tUJi4K4DXYWgMUX']	2018-04-04	0.5720000000000001	0.825	8	-4.383	1	0.037000000000000005	0.10400000000000001	0.0	0.085	0.424	106.976	4
561767	6u1ILVDFXcmQGQGCA3h849	血、汗、涙 - Japanese ver.	54	216707	0	['BTS']	['3Nrfpe0tUJi4K4DXYWgMUX']	2018-04-04	0.61	0.892	0	-3.52	0	0.10800000000000001	0.0704	0.0	0.315	0.5760000000000001	93.039	4
561848	0YguyyCOTyujhSDXWyB4W3	Go Go - Japanese ver.	52	237307	0	['BTS']	['3Nrfpe0tUJi4K4DXYWgMUX']	2018-04-04	0.8370000000000001	0.69	10	-4.705	0	0.08800000000000001	0.222	0.0	0.0833	0.847	136.07	4
561849	6yGKx4J9UdMp7tcaGXWzDj	Best Of Me - Japanese ver.	52	227920	0	['BTS']	['3Nrfpe0tUJi4K4DXYWgMUX']	2018-04-04	0.659	0.769	0	-4.262	0	0.0831	0.0366	0.0	0.405	0.39799999999999996	122.006	4
561854	3N6te5xi59Ex4HudLKsgGS	MIC Drop - Japanese ver.	52	238227	0	['BTS']	['3Nrfpe0tUJi4K4DXYWgMUX']	2018-04-04	0.664	0.9129999999999999	3	-4.474	0	0.14800000000000002	0.0136	0.0	0.1	0.622	169.97400000000002	4
561917	0usLRFLmYXYahKNgXxsuJc	Trivia 起 : Just Dance	65	225221	0	['BTS']	['3Nrfpe0tUJi4K4DXYWgMUX']	2018-08-24	0.723	0.9059999999999999	1	-4.7780000000000005	0	0.27899999999999997	0.0907	0.0	0.0771	0.39799999999999996	125.01899999999999	4
561935	6aJj9OlLiZVagW8fd8ZtK3	Not Today - Japanese ver.	50	233880	0	['BTS']	['3Nrfpe0tUJi4K4DXYWgMUX']	2018-04-04	0.598	0.938	0	-4.0680000000000005	0	0.14300000000000002	0.0019100000000000002	0.0	0.88	0.672	110.021	4
562374	2Ya8bityItATB8WNxaaed1	Boy With Luv - Japanese ver.	50	231227	0	['BTS']	['3Nrfpe0tUJi4K4DXYWgMUX']	2019-07-03	0.677	0.843	11	-5.087	0	0.0795	0.131	0.0	0.204	0.807	119.96799999999999	4
562714	0UwQTbq7ZtBJ7v530mpaxP	Stay Gold	66	243733	0	['BTS']	['3Nrfpe0tUJi4K4DXYWgMUX']	2020-06-19	0.7240000000000001	0.631	1	-5.403	1	0.0517	0.0873	0.0	0.0752	0.5479999999999999	129.019	4
562752	3A9SFII4XAKeptsNYoXKH7	Dynamite	66	199054	0	['BTS']	['3Nrfpe0tUJi4K4DXYWgMUX']	2020-09-18	0.746	0.765	6	-4.41	0	0.0993	0.0112	0.0	0.0936	0.737	114.044	4
562756	4ZqTbapP8Z2YC9Kbg9mlkY	Respect	54	237540	0	['BTS']	['3Nrfpe0tUJi4K4DXYWgMUX']	2020-02-28	0.6609999999999999	0.84	0	-4.805	1	0.11599999999999999	0.00485	0.0	0.287	0.524	91.45700000000001	4
562765	6SM3TJaWkmT8Iq8l9J0BIS	Dynamite - Holiday Remix	65	213315	0	['BTS']	['3Nrfpe0tUJi4K4DXYWgMUX']	2020-12-11	0.69	0.873	9	-1.66	1	0.0734	0.0185	0.0	0.0526	0.599	114.03	4
562774	1GAAUZBTaIM1LwNpOJQJrZ	Boy With Luv - Japanese ver.	58	230013	0	['BTS']	['3Nrfpe0tUJi4K4DXYWgMUX']	2020-07-14	0.6729999999999999	0.855	11	-4.65	0	0.08900000000000001	0.0661	0.0	0.209	0.78	119.917	4
562787	3VbsXTdxBl6IavGjFZbl3R	UGH!	53	225012	0	['BTS']	['3Nrfpe0tUJi4K4DXYWgMUX']	2020-02-28	0.72	0.8240000000000001	10	-5.086	0	0.128	0.0394	0.0	0.0509	0.33299999999999996	165.998	4
562797	2qtD6gCVY6eP8oRnJyiscg	Outro : Ego	53	196199	0	['BTS']	['3Nrfpe0tUJi4K4DXYWgMUX']	2020-02-28	0.8079999999999999	0.903	0	-3.1060000000000003	1	0.0958	0.0121	0.000233	0.0993	0.473	116.988	4
562804	6piu4ClbvlVI4GYoJ6CleG	Louder than bombs	53	217404	0	['BTS']	['3Nrfpe0tUJi4K4DXYWgMUX']	2020-02-28	0.643	0.667	0	-6.992999999999999	0	0.152	0.0433	0.0	0.0904	0.485	145.999	4
562819	5ULNZsgJp1FqZ6JyKJUAFH	ON (Feat. Sia)	52	246816	0	['BTS', 'Sia']	['3Nrfpe0tUJi4K4DXYWgMUX', '5WUlDfRSoLAfcVSX1WnrxN']	2020-02-28	0.591	0.848	9	-4.397	0	0.0828	0.13699999999999998	0.0	0.37200000000000005	0.386	105.92200000000001	4
562837	2lNQ0rDuTKcP6BgRFkkq3p	Dynamite - Acoustic Remix	62	197994	0	['BTS']	['3Nrfpe0tUJi4K4DXYWgMUX']	2020-08-28	0.6559999999999999	0.889	1	-5.136	0	0.203	0.0228	7.56e-06	0.366	0.575	113.943	4
562874	0ff7MSTK8Y0b92TQCxjhm4	Interlude : Shadow	52	259821	0	['BTS']	['3Nrfpe0tUJi4K4DXYWgMUX']	2020-02-28	0.385	0.7979999999999999	9	-6.439	0	0.483	0.115	0.0	0.18100000000000002	0.141	149.756	4
575280	01hvI4BrrUbBuyIXewP4AD	If I Ruled the World	55	247450	0	['BTS']	['3Nrfpe0tUJi4K4DXYWgMUX']	2013-09-11	0.7440000000000001	0.725	7	-6.29	1	0.11199999999999999	0.0434	0.0	0.29600000000000004	0.73	95.98299999999999	4
575288	1yFEQO3mOtDAje6rOyj2Cf	Paldogangsan	54	205061	0	['BTS']	['3Nrfpe0tUJi4K4DXYWgMUX']	2013-09-11	0.564	0.945	11	-3.11	0	0.243	0.0789	0.0	0.0873	0.871	105.01799999999999	4
575294	0do2tFk8lqFdNL2TYAlslN	BTS Cypher Pt.1	54	131192	0	['BTS']	['3Nrfpe0tUJi4K4DXYWgMUX']	2013-09-11	0.753	0.903	2	-5.414	1	0.354	0.541	0.0	0.34299999999999997	0.858	96.54700000000001	4
575384	7FrZ7P6NCaBT3yqq7Dc8Mm	Like (Slow Jam Remix)	53	232692	0	['BTS']	['3Nrfpe0tUJi4K4DXYWgMUX']	2014-05-14	0.527	0.6729999999999999	0	-5.401	0	0.196	0.33399999999999996	0.0	0.159	0.657	99.60600000000001	4
575386	1ACqCMuFuvqCToDuY7C707	2nd Grade	58	235020	0	['BTS']	['3Nrfpe0tUJi4K4DXYWgMUX']	2014-08-20	0.6759999999999999	0.925	8	-2.451	1	0.109	0.00395	6.7e-06	0.27899999999999997	0.797	163.953	4
575403	2M2LSar3DJWLQHcp1MZETj	Outro: Propose	54	122514	0	['BTS']	['3Nrfpe0tUJi4K4DXYWgMUX']	2014-02-12	0.39799999999999996	0.847	2	-2.489	1	0.159	0.467	0.0	0.205	0.514	173.733	4
575412	5viiEUG6TwSmDPXX1hHo0X	Outro: Do You Think It Makes Sense?	54	172658	0	['BTS']	['3Nrfpe0tUJi4K4DXYWgMUX']	2014-08-20	0.634	0.8140000000000001	1	-4.325	1	0.0406	0.0698	0.0	0.146	0.537	103.041	4
575429	5tHj7TuWS1h6GDU0Ajcm32	Look Here	56	218887	0	['BTS']	['3Nrfpe0tUJi4K4DXYWgMUX']	2014-08-20	0.863	0.8540000000000001	4	-4.564	0	0.0893	0.0418	0.0015199999999999999	0.0551	0.784	119.99600000000001	4
575431	2IIhviXBY0Ikmlbm2DHByJ	Hip Hop Phile	56	257301	0	['BTS']	['3Nrfpe0tUJi4K4DXYWgMUX']	2014-08-20	0.7959999999999999	0.878	1	-3.325	1	0.185	0.171	0.0	0.23399999999999999	0.795	144.001	4
575516	4nWJ7msY5lWNK74UKbAVw5	Moving On	55	292569	0	['BTS']	['3Nrfpe0tUJi4K4DXYWgMUX']	2015-04-29	0.684	0.914	0	-3.199	1	0.203	0.0128	0.0	0.0543	0.929	159.986	4
575816	6aHCXTCkPiB4zgXKpB7BHS	Trivia 承 : Love	65	225698	0	['BTS']	['3Nrfpe0tUJi4K4DXYWgMUX']	2018-08-24	0.7609999999999999	0.7609999999999999	5	-5.721	0	0.0897	0.24600000000000002	0.0	0.10300000000000001	0.483	121.97200000000001	4
576066	2BgZrbbAZxSnyE7U5efVrG	Intro : Persona	68	171023	0	['BTS']	['3Nrfpe0tUJi4K4DXYWgMUX']	2020-02-21	0.469	0.87	9	-4.475	0	0.342	0.0278	0.0	0.313	0.652	86.62200000000001	4
576098	3IB5qOeMayvpOdHxYCL5tZ	ON (Feat. Sia)	66	246816	0	['BTS', 'Sia']	['3Nrfpe0tUJi4K4DXYWgMUX', '5WUlDfRSoLAfcVSX1WnrxN']	2020-02-21	0.591	0.848	9	-4.397	0	0.0828	0.13699999999999998	0.0	0.37200000000000005	0.386	105.92200000000001	4
